item_id,timestamp,demand,geolocation
PROD4,2020-01-05,57,Sabah
PROD3,2020-01-07,105,Melaka
PROD4,2020-01-07,0,Selangor
PROD6,2020-01-07,199,Kedah
PROD3,2020-01-08,121,Kedah
PROD5,2020-01-11,61,Perak
PROD3,2020-01-13,162,Penang
PROD5,2020-01-14,176,Selangor
PROD6,2020-01-15,99,Sarawak
PROD10,2020-01-15,33,Selangor
PROD10,2020-01-16,155,Selangor
PROD1,2020-01-18,96,Sarawak
PROD9,2020-01-22,53,Kedah
PROD5,2020-01-23,112,Penang
PROD1,2020-01-25,12,Johor
PROD8,2020-01-25,155,Melaka
PROD7,2020-01-26,88,Sarawak
PROD9,2020-01-26,90,Johor
PROD4,2020-01-29,13,Perak
PROD1,2020-01-30,8,Selangor
PROD6,2020-01-30,10,Kuala Lumpur
PROD3,2020-02-02,90,Perak
PROD8,2020-02-02,34,Penang
PROD4,2020-02-06,151,Perak
PROD4,2020-02-07,117,Penang
PROD8,2020-02-07,176,Perak
PROD4,2020-02-09,10,Kuala Lumpur
PROD3,2020-02-10,83,Penang
PROD6,2020-02-10,168,Penang
PROD10,2020-02-11,116,Johor
PROD10,2020-02-13,19,Kedah
PROD1,2020-02-19,81,Johor
PROD1,2020-02-20,80,Penang
PROD4,2020-02-24,64,Pahang
PROD1,2020-02-25,69,Selangor
PROD7,2020-02-28,65,Penang
PROD1,2020-03-02,67,Selangor
PROD9,2020-03-02,197,Penang
PROD2,2020-03-04,26,Pahang
PROD4,2020-03-04,21,Melaka
PROD10,2020-03-04,72,Pahang
PROD3,2020-03-06,198,Pahang
PROD3,2020-03-07,180,Melaka
PROD10,2020-03-07,151,Kedah
PROD2,2020-03-08,134,Perak
PROD5,2020-03-09,137,Pahang
PROD2,2020-03-10,164,Penang
PROD3,2020-03-10,40,Pahang
PROD9,2020-03-10,7,Sabah
PROD1,2020-03-12,139,Melaka
PROD4,2020-03-12,120,Selangor
PROD4,2020-03-12,154,Johor
PROD9,2020-03-13,39,Kedah
PROD3,2020-03-15,11,Selangor
PROD4,2020-03-16,109,Sarawak
PROD7,2020-03-16,0,Penang
PROD2,2020-03-17,114,Perak
PROD8,2020-03-17,173,Pahang
PROD4,2020-03-18,54,Penang
PROD2,2020-03-19,200,Pahang
PROD1,2020-03-24,59,Penang
PROD2,2020-03-31,27,Sabah
PROD4,2020-03-31,42,Penang
PROD7,2020-03-31,131,Kuala Lumpur
PROD10,2020-04-05,148,Sarawak
PROD7,2020-04-07,90,Pahang
PROD6,2020-04-09,81,Johor
PROD1,2020-04-12,192,Kedah
PROD9,2020-04-12,122,Selangor
PROD2,2020-04-13,181,Sabah
PROD10,2020-04-14,140,Pahang
PROD8,2020-04-17,138,Kedah
PROD3,2020-04-19,35,Sarawak
PROD6,2020-04-20,92,Melaka
PROD7,2020-04-20,106,Sabah
PROD9,2020-04-20,89,Kedah
PROD10,2020-04-22,77,Sarawak
PROD5,2020-04-24,72,Melaka
PROD10,2020-04-25,80,Johor
PROD8,2020-04-29,102,Selangor
PROD3,2020-05-01,6,Johor
PROD5,2020-05-02,91,Penang
PROD3,2020-05-06,48,Pahang
PROD1,2020-05-07,29,Melaka
PROD7,2020-05-08,111,Pahang
PROD2,2020-05-12,182,Selangor
PROD3,2020-05-13,160,Sarawak
PROD10,2020-05-13,175,Melaka
PROD4,2020-05-14,113,Melaka
PROD8,2020-05-14,45,Melaka
PROD10,2020-05-14,165,Pahang
PROD9,2020-05-15,194,Johor
PROD1,2020-05-16,131,Sarawak
PROD4,2020-05-18,157,Johor
PROD8,2020-05-19,11,Sabah
PROD3,2020-05-23,100,Sabah
PROD2,2020-05-24,174,Pahang
PROD4,2020-05-25,65,Sabah
PROD1,2020-05-26,161,Sabah
PROD6,2020-05-26,85,Kedah
PROD8,2020-05-26,128,Melaka
PROD6,2020-05-27,70,Johor
PROD10,2020-05-29,51,Melaka
PROD5,2020-05-30,148,Sabah
PROD2,2020-05-31,136,Sarawak
PROD10,2020-06-04,94,Sarawak
PROD7,2020-06-06,185,Penang
PROD1,2020-06-07,112,Pahang
PROD2,2020-06-10,111,Selangor
PROD2,2020-06-12,45,Melaka
PROD10,2020-06-12,178,Penang
PROD5,2020-06-14,160,Selangor
PROD7,2020-06-14,175,Sarawak
PROD3,2020-06-16,97,Sabah
PROD5,2020-06-17,38,Selangor
PROD8,2020-06-19,117,Sabah
PROD5,2020-06-20,152,Perak
PROD9,2020-06-20,2,Johor
PROD8,2020-06-21,110,Selangor
PROD6,2020-06-22,69,Johor
PROD9,2020-06-23,2,Selangor
PROD10,2020-06-29,69,Kuala Lumpur
PROD9,2020-07-01,158,Johor
PROD8,2020-07-03,114,Kedah
PROD4,2020-07-04,61,Melaka
PROD5,2020-07-04,68,Sarawak
PROD1,2020-07-05,108,Kedah
PROD10,2020-07-05,163,Johor
PROD2,2020-07-08,59,Johor
PROD10,2020-07-09,129,Kedah
PROD2,2020-07-10,27,Sarawak
PROD3,2020-07-14,154,Pahang
PROD7,2020-07-17,126,Penang
PROD10,2020-07-18,70,Sabah
PROD9,2020-07-20,58,Pahang
PROD10,2020-07-21,3,Sarawak
PROD2,2020-07-22,37,Kuala Lumpur
PROD6,2020-07-24,145,Selangor
PROD8,2020-07-31,159,Kuala Lumpur
PROD8,2020-07-31,32,Penang
PROD9,2020-07-31,60,Kedah
PROD5,2020-08-02,146,Pahang
PROD4,2020-08-03,144,Selangor
PROD2,2020-08-05,88,Kuala Lumpur
PROD3,2020-08-08,30,Kedah
PROD5,2020-08-08,24,Johor
PROD6,2020-08-09,143,Selangor
PROD7,2020-08-09,197,Sarawak
PROD7,2020-08-14,97,Penang
PROD10,2020-08-17,12,Kedah
PROD1,2020-08-19,90,Melaka
PROD6,2020-08-22,96,Melaka
PROD10,2020-08-22,107,Pahang
PROD9,2020-08-23,58,Selangor
PROD3,2020-08-25,82,Kuala Lumpur
PROD7,2020-08-25,77,Johor
PROD7,2020-08-27,165,Kedah
PROD5,2020-08-29,149,Pahang
PROD10,2020-08-30,74,Pahang
PROD4,2020-08-31,31,Johor
PROD9,2020-08-31,48,Perak
PROD4,2020-09-03,82,Sarawak
PROD8,2020-09-03,74,Sarawak
PROD1,2020-09-04,3,Penang
PROD2,2020-09-04,175,Selangor
PROD3,2020-09-04,195,Johor
PROD10,2020-09-04,153,Pahang
PROD2,2020-09-05,140,Selangor
PROD6,2020-09-05,185,Sarawak
PROD3,2020-09-06,43,Perak
PROD1,2020-09-07,2,Sarawak
PROD8,2020-09-08,86,Kuala Lumpur
PROD6,2020-09-13,44,Sarawak
PROD10,2020-09-14,192,Kuala Lumpur
PROD5,2020-09-15,54,Penang
PROD1,2020-09-16,135,Perak
PROD8,2020-09-16,132,Sabah
PROD8,2020-09-17,10,Selangor
PROD9,2020-09-18,147,Kuala Lumpur
PROD1,2020-09-19,178,Perak
PROD8,2020-09-19,147,Sarawak
PROD2,2020-09-20,120,Sabah
PROD2,2020-09-27,68,Johor
PROD3,2020-09-27,63,Perak
PROD6,2020-09-27,69,Pahang
PROD1,2020-09-28,166,Selangor
PROD10,2020-09-29,69,Pahang
PROD6,2020-09-30,35,Perak
PROD3,2020-10-01,53,Perak
PROD7,2020-10-01,149,Penang
PROD10,2020-10-01,138,Penang
PROD3,2020-10-03,194,Sarawak
PROD3,2020-10-04,97,Penang
PROD6,2020-10-04,183,Selangor
PROD10,2020-10-04,105,Sabah
PROD9,2020-10-05,45,Pahang
PROD10,2020-10-07,146,Penang
PROD4,2020-10-08,45,Melaka
PROD4,2020-10-10,87,Melaka
PROD4,2020-10-10,67,Kedah
PROD6,2020-10-10,183,Pahang
PROD10,2020-10-11,35,Melaka
PROD6,2020-10-12,52,Pahang
PROD4,2020-10-14,56,Johor
PROD8,2020-10-15,195,Johor
PROD3,2020-10-17,35,Selangor
PROD2,2020-10-18,122,Kuala Lumpur
PROD7,2020-10-20,61,Penang
PROD1,2020-10-21,167,Sarawak
PROD4,2020-10-23,42,Kedah
PROD5,2020-10-25,194,Johor
PROD2,2020-10-26,82,Pahang
PROD1,2020-10-27,71,Sarawak
PROD6,2020-10-27,38,Penang
PROD4,2020-10-29,195,Selangor
PROD6,2020-10-29,150,Kedah
PROD6,2020-10-31,132,Johor
PROD6,2020-10-31,98,Melaka
PROD7,2020-11-03,91,Johor
PROD9,2020-11-03,48,Johor
PROD10,2020-11-04,41,Sarawak
PROD1,2020-11-05,198,Sabah
PROD7,2020-11-05,49,Kedah
PROD1,2020-11-06,96,Sabah
PROD10,2020-11-06,143,Penang
PROD8,2020-11-07,96,Pahang
PROD2,2020-11-08,66,Penang
PROD9,2020-11-08,56,Kedah
PROD2,2020-11-10,126,Perak
PROD8,2020-11-11,123,Sarawak
PROD10,2020-11-11,102,Sabah
PROD2,2020-11-13,139,Kedah
PROD10,2020-11-13,57,Sabah
PROD8,2020-11-18,47,Pahang
PROD2,2020-11-19,126,Kedah
PROD2,2020-11-19,76,Melaka
PROD7,2020-11-19,17,Kuala Lumpur
PROD3,2020-11-22,129,Kedah
PROD4,2020-11-22,124,Johor
PROD7,2020-11-23,26,Pahang
PROD5,2020-11-24,170,Pahang
PROD5,2020-11-27,23,Sarawak
PROD10,2020-11-28,50,Perak
PROD5,2020-11-30,20,Sabah
PROD6,2020-12-03,181,Kedah
PROD7,2020-12-04,90,Johor
PROD7,2020-12-06,15,Kuala Lumpur
PROD8,2020-12-06,5,Johor
PROD1,2020-12-08,37,Perak
PROD3,2020-12-08,59,Selangor
PROD8,2020-12-09,192,Selangor
PROD6,2020-12-14,195,Johor
PROD2,2020-12-17,114,Sabah
PROD5,2020-12-18,181,Sarawak
PROD7,2020-12-19,128,Selangor
PROD8,2020-12-19,146,Selangor
PROD6,2020-12-20,148,Johor
PROD8,2020-12-21,0,Johor
PROD10,2020-12-24,9,Penang
PROD9,2020-12-25,46,Penang
PROD1,2020-12-26,107,Johor
PROD8,2020-12-27,55,Sabah
PROD2,2020-12-29,93,Penang
PROD10,2020-12-31,25,Penang
PROD3,2021-01-01,106,Kedah
PROD10,2021-01-02,32,Selangor
PROD5,2021-01-09,109,Selangor
PROD1,2021-01-13,155,Kuala Lumpur
PROD1,2021-01-13,63,Kuala Lumpur
PROD3,2021-01-13,123,Sabah
PROD4,2021-01-13,146,Sarawak
PROD5,2021-01-15,174,Selangor
PROD7,2021-01-16,198,Johor
PROD7,2021-01-20,10,Kuala Lumpur
PROD9,2021-01-20,133,Selangor
PROD1,2021-01-21,155,Pahang
PROD3,2021-01-23,75,Johor
PROD9,2021-01-23,133,Johor
PROD10,2021-01-23,17,Sarawak
PROD7,2021-01-24,200,Pahang
PROD7,2021-01-24,166,Pahang
PROD5,2021-01-26,80,Kedah
PROD7,2021-01-30,3,Penang
PROD2,2021-01-31,121,Sarawak
PROD4,2021-02-03,16,Penang
PROD5,2021-02-04,18,Selangor
PROD7,2021-02-05,4,Johor
PROD7,2021-02-05,82,Pahang
PROD9,2021-02-06,76,Melaka
PROD7,2021-02-07,129,Selangor
PROD7,2021-02-07,33,Penang
PROD10,2021-02-08,191,Kuala Lumpur
PROD5,2021-02-09,101,Sabah
PROD5,2021-02-11,73,Selangor
PROD7,2021-02-11,8,Johor
PROD5,2021-02-15,90,Sabah
PROD2,2021-02-16,3,Selangor
PROD4,2021-02-17,35,Johor
PROD4,2021-02-18,3,Sabah
PROD10,2021-02-18,56,Kedah
PROD4,2021-02-20,71,Johor
PROD4,2021-02-23,151,Johor
PROD4,2021-02-23,159,Melaka
PROD1,2021-02-24,66,Penang
PROD1,2021-02-26,114,Sarawak
PROD3,2021-02-26,126,Penang
PROD1,2021-02-28,149,Penang
PROD6,2021-02-28,45,Kedah
PROD6,2021-03-02,145,Sarawak
PROD10,2021-03-02,174,Penang
PROD8,2021-03-06,6,Sabah
PROD2,2021-03-08,177,Kedah
PROD5,2021-03-09,117,Kedah
PROD5,2021-03-10,141,Perak
PROD3,2021-03-11,156,Johor
PROD9,2021-03-12,139,Sarawak
PROD3,2021-03-17,60,Sarawak
PROD6,2021-03-19,151,Sarawak
PROD2,2021-03-21,179,Sarawak
PROD2,2021-03-27,48,Kuala Lumpur
PROD7,2021-03-27,178,Sarawak
PROD1,2021-04-01,3,Kedah
PROD5,2021-04-01,68,Pahang
PROD6,2021-04-01,104,Melaka
PROD8,2021-04-01,31,Sabah
PROD3,2021-04-02,94,Penang
PROD3,2021-04-06,138,Johor
PROD6,2021-04-06,177,Kuala Lumpur
PROD9,2021-04-06,117,Selangor
PROD3,2021-04-12,97,Melaka
PROD10,2021-04-12,98,Johor
PROD2,2021-04-14,58,Melaka
PROD3,2021-04-16,73,Selangor
PROD6,2021-04-20,100,Johor
PROD8,2021-04-20,65,Kedah
PROD2,2021-04-21,160,Pahang
PROD2,2021-04-22,186,Johor
PROD9,2021-04-24,127,Penang
PROD2,2021-04-25,193,Perak
PROD9,2021-04-27,147,Sabah
PROD5,2021-05-01,160,Kedah
PROD4,2021-05-03,198,Penang
PROD1,2021-05-04,33,Penang
PROD7,2021-05-04,111,Kuala Lumpur
PROD7,2021-05-05,33,Pahang
PROD2,2021-05-08,17,Penang
PROD5,2021-05-11,46,Penang
PROD5,2021-05-11,196,Johor
PROD9,2021-05-12,61,Sabah
PROD7,2021-05-17,139,Kedah
PROD5,2021-05-18,94,Sabah
PROD5,2021-05-19,185,Pahang
PROD2,2021-05-21,83,Kuala Lumpur
PROD4,2021-05-22,143,Perak
PROD5,2021-05-22,125,Sabah
PROD5,2021-05-22,18,Perak
PROD2,2021-05-24,189,Pahang
PROD3,2021-05-25,122,Penang
PROD10,2021-05-26,154,Sabah
PROD5,2021-05-29,54,Johor
PROD7,2021-05-29,102,Pahang
PROD6,2021-06-03,33,Selangor
PROD6,2021-06-04,153,Pahang
PROD4,2021-06-05,174,Kuala Lumpur
PROD8,2021-06-06,111,Selangor
PROD6,2021-06-08,56,Melaka
PROD7,2021-06-10,80,Kedah
PROD2,2021-06-11,149,Selangor
PROD1,2021-06-12,66,Pahang
PROD3,2021-06-13,184,Sarawak
PROD8,2021-06-15,181,Penang
PROD7,2021-06-20,5,Selangor
PROD2,2021-06-22,80,Kedah
PROD5,2021-06-24,86,Selangor
PROD10,2021-06-26,136,Penang
PROD2,2021-06-27,97,Sabah
PROD6,2021-06-27,63,Pahang
PROD8,2021-06-27,175,Kuala Lumpur
PROD3,2021-06-28,49,Penang
PROD9,2021-06-29,53,Sarawak
PROD8,2021-06-30,132,Selangor
PROD4,2021-07-01,127,Kedah
PROD8,2021-07-02,162,Sabah
PROD1,2021-07-03,35,Johor
PROD8,2021-07-03,143,Melaka
PROD8,2021-07-04,114,Perak
PROD8,2021-07-05,45,Sabah
PROD4,2021-07-06,104,Kedah
PROD5,2021-07-06,140,Sarawak
PROD10,2021-07-06,2,Penang
PROD1,2021-07-07,113,Sabah
PROD3,2021-07-07,139,Perak
PROD6,2021-07-07,90,Melaka
PROD9,2021-07-08,19,Melaka
PROD10,2021-07-16,171,Melaka
PROD2,2021-07-21,92,Kuala Lumpur
PROD2,2021-07-23,18,Sarawak
PROD5,2021-07-23,39,Penang
PROD2,2021-07-24,187,Penang
PROD3,2021-07-25,139,Pahang
PROD4,2021-07-29,94,Perak
PROD4,2021-07-30,166,Johor
PROD5,2021-08-01,85,Perak
PROD7,2021-08-01,126,Kuala Lumpur
PROD6,2021-08-02,11,Penang
PROD2,2021-08-03,27,Sarawak
PROD4,2021-08-04,100,Penang
PROD2,2021-08-07,43,Johor
PROD3,2021-08-07,178,Perak
PROD7,2021-08-07,125,Melaka
PROD1,2021-08-09,160,Selangor
PROD9,2021-08-09,81,Perak
PROD9,2021-08-09,105,Penang
PROD7,2021-08-10,47,Melaka
PROD6,2021-08-12,37,Kuala Lumpur
PROD10,2021-08-13,156,Pahang
PROD8,2021-08-15,135,Johor
PROD10,2021-08-15,156,Pahang
PROD2,2021-08-18,66,Melaka
PROD8,2021-08-19,40,Johor
PROD9,2021-08-19,195,Selangor
PROD2,2021-08-21,148,Selangor
PROD3,2021-08-21,146,Sarawak
PROD3,2021-08-28,197,Sarawak
PROD5,2021-08-29,164,Pahang
PROD9,2021-08-29,12,Melaka
PROD3,2021-08-31,41,Johor
PROD4,2021-08-31,47,Pahang
PROD6,2021-09-01,84,Selangor
PROD8,2021-09-01,21,Perak
PROD4,2021-09-03,32,Selangor
PROD6,2021-09-03,36,Melaka
PROD5,2021-09-04,74,Selangor
PROD6,2021-09-04,176,Sabah
PROD6,2021-09-07,133,Melaka
PROD4,2021-09-09,119,Johor
PROD4,2021-09-12,167,Sarawak
PROD1,2021-09-13,69,Kedah
PROD10,2021-09-14,8,Melaka
PROD8,2021-09-16,79,Melaka
PROD3,2021-09-19,136,Penang
PROD8,2021-09-21,137,Perak
PROD6,2021-09-24,169,Pahang
PROD9,2021-09-26,137,Johor
PROD4,2021-09-28,199,Sabah
PROD1,2021-09-29,75,Kedah
PROD3,2021-09-29,171,Kedah
PROD9,2021-09-30,116,Sarawak
PROD3,2021-10-04,160,Johor
PROD7,2021-10-04,120,Selangor
PROD10,2021-10-04,163,Selangor
PROD3,2021-10-05,83,Pahang
PROD6,2021-10-05,6,Sabah
PROD3,2021-10-06,120,Kedah
PROD1,2021-10-08,119,Johor
PROD1,2021-10-09,66,Kedah
PROD6,2021-10-10,159,Kedah
PROD5,2021-10-11,4,Sarawak
PROD4,2021-10-14,59,Johor
PROD2,2021-10-16,40,Selangor
PROD4,2021-10-16,26,Pahang
PROD6,2021-10-17,39,Penang
PROD6,2021-10-19,39,Kedah
PROD4,2021-10-21,66,Penang
PROD7,2021-10-22,14,Kuala Lumpur
PROD8,2021-10-26,58,Kedah
PROD7,2021-10-28,188,Sabah
PROD7,2021-10-31,160,Kedah
PROD5,2021-11-01,182,Johor
PROD8,2021-11-02,167,Sabah
PROD7,2021-11-04,128,Johor
PROD6,2021-11-08,173,Perak
PROD3,2021-11-09,33,Perak
PROD10,2021-11-12,50,Penang
PROD7,2021-11-13,177,Penang
PROD2,2021-11-14,92,Melaka
PROD9,2021-11-14,78,Penang
PROD9,2021-11-15,67,Kedah
PROD9,2021-11-15,1,Perak
PROD6,2021-11-18,28,Perak
PROD1,2021-11-20,117,Penang
PROD3,2021-11-20,111,Sarawak
PROD2,2021-11-25,166,Sabah
PROD6,2021-11-25,95,Johor
PROD8,2021-11-27,147,Kedah
PROD4,2021-11-30,148,Pahang
PROD2,2021-12-01,154,Kedah
PROD9,2021-12-01,0,Pahang
PROD5,2021-12-06,10,Penang
PROD9,2021-12-06,168,Johor
PROD9,2021-12-09,50,Johor
PROD2,2021-12-10,121,Kuala Lumpur
PROD5,2021-12-11,182,Melaka
PROD10,2021-12-13,159,Kuala Lumpur
PROD6,2021-12-16,4,Pahang
PROD3,2021-12-17,158,Sarawak
PROD7,2021-12-18,64,Sarawak
PROD3,2021-12-20,26,Sabah
PROD7,2021-12-20,5,Perak
PROD8,2021-12-20,6,Kuala Lumpur
PROD1,2021-12-22,84,Melaka
PROD3,2021-12-22,157,Sabah
PROD7,2021-12-22,163,Melaka
PROD6,2021-12-25,144,Kedah
PROD5,2021-12-26,102,Melaka
PROD5,2021-12-28,67,Pahang
PROD7,2022-01-01,133,Sabah
PROD1,2022-01-02,114,Johor
PROD8,2022-01-02,77,Melaka
PROD8,2022-01-02,111,Sarawak
PROD7,2022-01-05,99,Kedah
PROD10,2022-01-05,56,Selangor
PROD6,2022-01-07,92,Perak
PROD1,2022-01-08,195,Selangor
PROD3,2022-01-12,193,Sabah
PROD4,2022-01-12,35,Pahang
PROD4,2022-01-15,168,Kuala Lumpur
PROD1,2022-01-16,98,Selangor
PROD8,2022-01-16,114,Penang
PROD10,2022-01-16,84,Kedah
PROD9,2022-01-18,58,Kedah
PROD7,2022-01-19,134,Selangor
PROD6,2022-01-20,33,Johor
PROD10,2022-01-23,25,Perak
PROD9,2022-01-24,138,Melaka
PROD2,2022-01-25,66,Johor
PROD9,2022-01-25,169,Perak
PROD8,2022-01-26,81,Penang
PROD7,2022-02-04,112,Melaka
PROD10,2022-02-06,158,Pahang
PROD6,2022-02-09,103,Johor
PROD1,2022-02-12,152,Penang
PROD3,2022-02-14,184,Kuala Lumpur
PROD10,2022-02-15,50,Selangor
PROD4,2022-02-16,161,Kuala Lumpur
PROD5,2022-02-18,125,Sarawak
PROD7,2022-02-20,195,Johor
PROD8,2022-02-22,16,Sarawak
PROD1,2022-02-23,68,Sarawak
PROD5,2022-02-23,196,Melaka
PROD1,2022-02-25,3,Selangor
PROD10,2022-02-26,74,Perak
PROD3,2022-02-27,128,Kedah
PROD8,2022-03-04,65,Johor
PROD3,2022-03-09,132,Sarawak
PROD6,2022-03-10,27,Kuala Lumpur
PROD1,2022-03-11,88,Kuala Lumpur
PROD5,2022-03-11,196,Perak
PROD5,2022-03-13,118,Selangor
PROD6,2022-03-14,8,Johor
PROD9,2022-03-14,97,Selangor
PROD1,2022-03-15,145,Kedah
PROD7,2022-03-18,124,Kedah
PROD1,2022-03-23,123,Pahang
PROD4,2022-03-26,57,Melaka
PROD1,2022-03-29,149,Kedah
PROD9,2022-03-29,152,Pahang
PROD10,2022-03-29,141,Selangor
PROD9,2022-03-31,199,Johor
PROD8,2022-04-01,153,Penang
PROD2,2022-04-05,118,Melaka
PROD4,2022-04-05,83,Kuala Lumpur
PROD7,2022-04-05,22,Kuala Lumpur
PROD2,2022-04-08,199,Kedah
PROD10,2022-04-08,152,Kuala Lumpur
PROD3,2022-04-09,24,Kuala Lumpur
PROD8,2022-04-10,98,Kuala Lumpur
PROD6,2022-04-11,118,Melaka
PROD10,2022-04-11,188,Perak
PROD9,2022-04-12,77,Kedah
PROD5,2022-04-13,31,Melaka
PROD8,2022-04-17,65,Sabah
PROD10,2022-04-17,140,Pahang
PROD2,2022-04-18,79,Sabah
PROD7,2022-04-19,90,Kedah
PROD7,2022-04-21,127,Sabah
PROD8,2022-04-21,62,Sarawak
PROD9,2022-04-22,6,Kuala Lumpur
PROD2,2022-04-23,81,Selangor
PROD6,2022-04-23,144,Kedah
PROD7,2022-04-24,184,Sabah
PROD7,2022-04-25,136,Selangor
PROD4,2022-04-26,152,Perak
PROD9,2022-04-27,135,Perak
PROD5,2022-04-28,38,Kuala Lumpur
PROD7,2022-04-28,79,Melaka
PROD10,2022-04-28,165,Selangor
PROD6,2022-04-29,72,Perak
PROD2,2022-04-30,70,Johor
PROD9,2022-05-01,113,Melaka
PROD3,2022-05-02,159,Pahang
PROD4,2022-05-02,101,Johor
PROD1,2022-05-03,171,Sarawak
PROD6,2022-05-03,73,Selangor
PROD9,2022-05-04,196,Selangor
PROD8,2022-05-08,135,Melaka
PROD8,2022-05-09,127,Johor
PROD4,2022-05-14,100,Melaka
PROD1,2022-05-20,147,Penang
PROD3,2022-05-24,26,Kuala Lumpur
PROD6,2022-05-24,141,Perak
PROD5,2022-05-31,197,Kedah
PROD7,2022-05-31,185,Perak
PROD3,2022-06-01,91,Johor
PROD5,2022-06-01,61,Melaka
PROD10,2022-06-02,86,Penang
PROD4,2022-06-04,95,Penang
PROD9,2022-06-06,147,Pahang
PROD6,2022-06-07,63,Sarawak
PROD1,2022-06-08,61,Kedah
PROD2,2022-06-08,148,Perak
PROD8,2022-06-08,45,Johor
PROD10,2022-06-10,70,Johor
PROD9,2022-06-15,158,Penang
PROD2,2022-06-18,120,Sabah
PROD9,2022-06-18,64,Pahang
PROD10,2022-06-19,152,Pahang
PROD9,2022-06-21,22,Melaka
PROD3,2022-06-22,11,Johor
PROD4,2022-06-23,85,Penang
PROD7,2022-06-25,45,Sarawak
PROD9,2022-06-25,38,Pahang
PROD10,2022-06-25,158,Selangor
PROD2,2022-06-28,98,Penang
PROD6,2022-06-29,169,Perak
PROD1,2022-06-30,188,Kedah
PROD10,2022-07-03,33,Pahang
PROD4,2022-07-04,137,Johor
PROD4,2022-07-06,0,Johor
PROD9,2022-07-07,16,Penang
PROD5,2022-07-11,156,Kedah
PROD1,2022-07-13,167,Kedah
PROD1,2022-07-15,20,Selangor
PROD6,2022-07-16,69,Sarawak
PROD8,2022-07-16,158,Johor
PROD4,2022-07-17,80,Johor
PROD1,2022-07-18,70,Pahang
PROD5,2022-07-20,20,Sarawak
PROD6,2022-07-20,176,Selangor
PROD7,2022-07-21,184,Kuala Lumpur
PROD10,2022-07-23,111,Kedah
PROD5,2022-07-24,7,Selangor
PROD8,2022-07-26,92,Pahang
PROD3,2022-07-29,154,Kedah
PROD3,2022-07-29,173,Perak
PROD3,2022-08-04,166,Melaka
PROD6,2022-08-07,158,Pahang
PROD4,2022-08-09,179,Sabah
PROD5,2022-08-13,26,Sabah
PROD2,2022-08-15,75,Selangor
PROD9,2022-08-15,70,Pahang
PROD6,2022-08-16,82,Johor
PROD6,2022-08-19,123,Kuala Lumpur
PROD6,2022-08-24,106,Penang
PROD7,2022-08-27,59,Sabah
PROD8,2022-08-28,45,Sabah
PROD3,2022-08-30,167,Kuala Lumpur
PROD7,2022-08-30,186,Perak
PROD7,2022-09-01,56,Penang
PROD8,2022-09-02,5,Pahang
PROD10,2022-09-02,76,Kuala Lumpur
PROD5,2022-09-03,4,Selangor
PROD8,2022-09-07,61,Penang
PROD2,2022-09-09,98,Penang
PROD6,2022-09-09,56,Johor
PROD1,2022-09-10,117,Johor
PROD5,2022-09-10,170,Pahang
PROD4,2022-09-11,6,Perak
PROD5,2022-09-11,106,Selangor
PROD9,2022-09-11,176,Johor
PROD7,2022-09-12,61,Pahang
PROD4,2022-09-13,74,Kuala Lumpur
PROD5,2022-09-13,37,Selangor
PROD2,2022-09-15,36,Selangor
PROD9,2022-09-17,95,Perak
PROD5,2022-09-20,16,Penang
PROD6,2022-09-20,110,Penang
PROD8,2022-09-20,0,Sarawak
PROD6,2022-09-21,72,Selangor
PROD5,2022-09-25,19,Kedah
PROD4,2022-09-28,51,Kedah
PROD1,2022-10-05,196,Sabah
PROD2,2022-10-05,41,Sabah
PROD6,2022-10-06,154,Johor
PROD1,2022-10-07,82,Melaka
PROD6,2022-10-09,48,Kuala Lumpur
PROD3,2022-10-10,183,Kuala Lumpur
PROD6,2022-10-10,189,Kuala Lumpur
PROD9,2022-10-12,195,Kedah
PROD6,2022-10-17,61,Sabah
PROD10,2022-10-17,48,Johor
PROD3,2022-10-18,16,Sarawak
PROD7,2022-10-19,149,Pahang
PROD1,2022-10-23,65,Kedah
PROD3,2022-10-23,44,Pahang
PROD7,2022-10-24,150,Pahang
PROD4,2022-10-25,41,Sabah
PROD1,2022-10-27,145,Sarawak
PROD1,2022-10-27,155,Pahang
PROD9,2022-10-28,121,Selangor
PROD7,2022-10-29,135,Perak
PROD10,2022-10-29,116,Sarawak
PROD9,2022-10-31,102,Johor
PROD9,2022-10-31,79,Sarawak
PROD5,2022-11-01,163,Sabah
PROD7,2022-11-01,45,Perak
PROD2,2022-11-02,173,Perak
PROD8,2022-11-02,117,Perak
PROD1,2022-11-03,118,Perak
PROD7,2022-11-03,133,Kuala Lumpur
PROD10,2022-11-04,164,Pahang
PROD5,2022-11-05,138,Selangor
PROD7,2022-11-05,37,Penang
PROD10,2022-11-05,74,Selangor
PROD8,2022-11-08,92,Pahang
PROD6,2022-11-10,93,Selangor
PROD9,2022-11-10,78,Johor
PROD5,2022-11-13,157,Pahang
PROD8,2022-11-13,189,Kuala Lumpur
PROD1,2022-11-14,121,Melaka
PROD1,2022-11-15,5,Kuala Lumpur
PROD2,2022-11-15,13,Sabah
PROD8,2022-11-15,137,Melaka
PROD2,2022-11-21,123,Selangor
PROD3,2022-11-22,188,Melaka
PROD10,2022-11-23,55,Sarawak
PROD7,2022-11-29,67,Kuala Lumpur
PROD3,2022-11-30,51,Selangor
PROD6,2022-11-30,9,Selangor
PROD9,2022-12-03,19,Johor
PROD1,2022-12-06,200,Kuala Lumpur
PROD1,2022-12-07,76,Sabah
PROD2,2022-12-07,30,Kedah
PROD1,2022-12-08,55,Penang
PROD8,2022-12-08,119,Selangor
PROD10,2022-12-09,169,Johor
PROD3,2022-12-10,3,Selangor
PROD5,2022-12-16,3,Kuala Lumpur
PROD8,2022-12-16,100,Pahang
PROD9,2022-12-19,68,Penang
PROD8,2022-12-20,12,Johor
PROD7,2022-12-21,176,Perak
PROD3,2022-12-24,140,Pahang
PROD9,2022-12-24,47,Sabah
PROD2,2022-12-25,16,Pahang
PROD1,2022-12-27,45,Kedah
PROD5,2022-12-27,117,Sarawak
PROD5,2022-12-27,1,Selangor
PROD8,2022-12-27,184,Kedah
PROD9,2022-12-27,123,Perak
PROD9,2022-12-29,182,Melaka
PROD1,2023-01-05,73,Selangor
PROD5,2023-01-05,68,Kuala Lumpur
PROD4,2023-01-07,59,Sarawak
PROD7,2023-01-09,110,Sarawak
PROD4,2023-01-10,68,Sarawak
PROD6,2023-01-12,48,Sabah
PROD5,2023-01-14,68,Sarawak
PROD5,2023-01-15,140,Pahang
PROD7,2023-01-16,141,Sarawak
PROD5,2023-01-18,191,Selangor
PROD6,2023-01-22,56,Kuala Lumpur
PROD7,2023-01-22,161,Sabah
PROD7,2023-01-23,104,Sarawak
PROD9,2023-01-24,59,Johor
PROD3,2023-01-27,111,Selangor
PROD5,2023-01-28,41,Pahang
PROD7,2023-01-28,54,Johor
PROD9,2023-01-28,174,Kedah
PROD9,2023-01-28,44,Johor
PROD2,2023-01-29,156,Pahang
PROD8,2023-01-30,134,Pahang
PROD3,2023-01-31,22,Sabah
PROD5,2023-02-01,139,Johor
PROD5,2023-02-02,22,Pahang
PROD9,2023-02-02,62,Kuala Lumpur
PROD3,2023-02-03,11,Kuala Lumpur
PROD8,2023-02-04,61,Pahang
PROD8,2023-02-05,139,Pahang
PROD1,2023-02-07,141,Sarawak
PROD2,2023-02-07,17,Sarawak
PROD4,2023-02-07,20,Johor
PROD10,2023-02-07,54,Kedah
PROD7,2023-02-09,46,Melaka
PROD2,2023-02-14,79,Penang
PROD4,2023-02-14,180,Perak
PROD3,2023-02-16,61,Johor
PROD3,2023-02-17,163,Melaka
PROD8,2023-02-18,20,Perak
PROD4,2023-02-19,142,Penang
PROD8,2023-02-19,51,Perak
PROD3,2023-02-23,122,Sarawak
PROD9,2023-02-23,159,Penang
PROD9,2023-02-23,41,Kedah
PROD5,2023-02-24,172,Melaka
PROD7,2023-02-24,22,Penang
PROD4,2023-02-26,175,Sarawak
PROD2,2023-03-05,149,Melaka
PROD2,2023-03-08,109,Melaka
PROD3,2023-03-09,15,Penang
PROD9,2023-03-09,88,Pahang
PROD10,2023-03-10,129,Kuala Lumpur
PROD2,2023-03-15,138,Selangor
PROD9,2023-03-17,38,Penang
PROD1,2023-03-20,140,Pahang
PROD9,2023-03-21,103,Pahang
PROD1,2023-03-23,87,Perak
PROD9,2023-03-24,120,Sarawak
PROD7,2023-03-25,65,Johor
PROD1,2023-03-27,198,Pahang
PROD9,2023-03-28,53,Perak
PROD7,2023-03-29,40,Melaka
PROD8,2023-03-29,1,Perak
PROD2,2023-03-30,191,Melaka
PROD5,2023-03-30,118,Kuala Lumpur
PROD1,2023-04-02,116,Penang
PROD5,2023-04-06,63,Penang
PROD7,2023-04-06,126,Selangor
PROD7,2023-04-06,146,Selangor
PROD4,2023-04-07,22,Kedah
PROD1,2023-04-09,135,Selangor
PROD6,2023-04-09,185,Kuala Lumpur
PROD9,2023-04-10,86,Kedah
PROD10,2023-04-11,127,Sarawak
PROD6,2023-04-16,178,Sarawak
PROD9,2023-04-17,21,Penang
PROD10,2023-04-17,66,Melaka
PROD1,2023-04-19,168,Johor
PROD4,2023-04-19,43,Kedah
PROD4,2023-04-19,155,Kuala Lumpur
PROD10,2023-04-22,7,Pahang
PROD1,2023-04-23,23,Sabah
PROD4,2023-04-26,20,Johor
PROD10,2023-04-26,78,Pahang
PROD1,2023-04-27,104,Sarawak
PROD5,2023-04-28,27,Perak
PROD8,2023-04-28,88,Penang
PROD5,2023-05-03,57,Perak
PROD4,2023-05-04,85,Sabah
PROD10,2023-05-05,54,Sarawak
PROD10,2023-05-09,16,Melaka
PROD2,2023-05-10,12,Melaka
PROD10,2023-05-10,167,Kuala Lumpur
PROD8,2023-05-14,121,Johor
PROD4,2023-05-15,67,Pahang
PROD8,2023-05-17,78,Selangor
PROD10,2023-05-17,111,Sabah
PROD2,2023-05-19,158,Johor
PROD2,2023-05-28,108,Sabah
PROD6,2023-05-30,42,Sarawak
PROD6,2023-06-02,55,Sarawak
PROD8,2023-06-02,193,Selangor
PROD10,2023-06-02,34,Selangor
PROD8,2023-06-03,51,Kuala Lumpur
PROD8,2023-06-03,31,Kuala Lumpur
PROD10,2023-06-04,176,Sarawak
PROD3,2023-06-05,125,Kedah
PROD2,2023-06-08,174,Selangor
PROD5,2023-06-08,123,Kuala Lumpur
PROD3,2023-06-11,165,Pahang
PROD10,2023-06-11,17,Melaka
PROD5,2023-06-12,40,Penang
PROD8,2023-06-13,114,Melaka
PROD4,2023-06-14,12,Melaka
PROD4,2023-06-14,63,Perak
PROD5,2023-06-17,32,Kedah
PROD1,2023-06-18,33,Sarawak
PROD4,2023-06-18,125,Sarawak
PROD4,2023-06-18,26,Perak
PROD7,2023-06-18,173,Melaka
PROD5,2023-06-20,24,Selangor
PROD3,2023-06-26,150,Sabah
PROD2,2023-06-27,188,Penang
PROD9,2023-06-29,144,Johor
PROD3,2023-07-02,170,Penang
PROD1,2023-07-03,39,Melaka
PROD6,2023-07-03,138,Perak
PROD4,2023-07-04,29,Perak
PROD7,2023-07-05,166,Perak
PROD3,2023-07-06,93,Sabah
PROD6,2023-07-06,27,Pahang
PROD1,2023-07-08,8,Johor
PROD4,2023-07-09,101,Perak
PROD4,2023-07-12,53,Pahang
PROD6,2023-07-12,90,Kuala Lumpur
PROD4,2023-07-13,12,Perak
PROD1,2023-07-19,103,Selangor
PROD9,2023-07-20,183,Sarawak
PROD9,2023-07-20,179,Kedah
PROD3,2023-07-24,104,Pahang
PROD10,2023-07-25,117,Selangor
PROD4,2023-07-27,116,Kedah
PROD7,2023-07-29,16,Melaka
PROD7,2023-07-30,144,Pahang
PROD4,2023-08-03,68,Sarawak
PROD9,2023-08-03,58,Perak
PROD8,2023-08-04,190,Selangor
PROD8,2023-08-07,7,Penang
PROD10,2023-08-07,59,Pahang
PROD5,2023-08-08,185,Sarawak
PROD2,2023-08-09,165,Melaka
PROD4,2023-08-11,148,Kedah
PROD7,2023-08-12,163,Pahang
PROD6,2023-08-14,71,Perak
PROD8,2023-08-14,19,Selangor
PROD10,2023-08-14,171,Selangor
PROD9,2023-08-17,96,Perak
PROD5,2023-08-19,66,Selangor
PROD3,2023-08-21,74,Johor
PROD4,2023-08-21,33,Pahang
PROD9,2023-08-21,172,Pahang
PROD4,2023-08-23,13,Penang
PROD2,2023-08-28,104,Sabah
PROD2,2023-09-01,112,Kuala Lumpur
PROD4,2023-09-01,81,Pahang
PROD4,2023-09-02,78,Johor
PROD7,2023-09-02,118,Perak
PROD1,2023-09-05,15,Sarawak
PROD2,2023-09-05,148,Penang
PROD2,2023-09-06,85,Pahang
PROD6,2023-09-10,75,Sarawak
PROD8,2023-09-10,181,Kedah
PROD9,2023-09-10,37,Perak
PROD3,2023-09-12,2,Kedah
PROD1,2023-09-14,115,Sabah
PROD2,2023-09-14,110,Kedah
PROD8,2023-09-14,38,Melaka
PROD3,2023-09-16,171,Selangor
PROD2,2023-09-17,161,Selangor
PROD3,2023-09-21,89,Sarawak
PROD3,2023-09-23,22,Melaka
PROD2,2023-09-24,199,Sabah
PROD6,2023-09-25,146,Johor
PROD9,2023-09-30,33,Perak
PROD5,2023-10-01,42,Johor
PROD6,2023-10-01,187,Sabah
PROD10,2023-10-01,76,Johor
PROD4,2023-10-02,127,Sarawak
PROD8,2023-10-02,143,Sarawak
PROD3,2023-10-08,73,Kuala Lumpur
PROD7,2023-10-08,23,Sarawak
PROD1,2023-10-10,4,Melaka
PROD2,2023-10-10,14,Penang
PROD5,2023-10-13,191,Kuala Lumpur
PROD6,2023-10-16,63,Sarawak
PROD10,2023-10-16,73,Perak
PROD5,2023-10-17,153,Pahang
PROD1,2023-10-19,121,Johor
PROD4,2023-10-19,46,Selangor
PROD9,2023-10-21,172,Melaka
PROD5,2023-10-26,163,Perak
PROD10,2023-10-27,56,Johor
PROD6,2023-10-28,110,Sabah
PROD10,2023-10-29,2,Sarawak
PROD8,2023-10-30,41,Pahang
PROD1,2023-11-03,13,Sabah
PROD5,2023-11-03,153,Kuala Lumpur
PROD1,2023-11-06,177,Kedah
PROD1,2023-11-06,55,Selangor
PROD3,2023-11-06,107,Melaka
PROD3,2023-11-07,85,Selangor
PROD8,2023-11-07,73,Selangor
PROD6,2023-11-08,100,Sabah
PROD9,2023-11-10,196,Perak
PROD6,2023-11-13,12,Perak
PROD1,2023-11-18,106,Pahang
PROD2,2023-11-18,137,Perak
PROD1,2023-11-20,197,Perak
PROD10,2023-11-21,155,Sarawak
PROD9,2023-11-24,86,Pahang
PROD2,2023-11-25,132,Penang
PROD6,2023-11-25,34,Selangor
PROD6,2023-11-26,194,Penang
PROD1,2023-11-27,166,Kedah
PROD2,2023-11-27,73,Selangor
PROD4,2023-11-27,139,Sarawak
PROD9,2023-11-29,15,Melaka
PROD2,2023-11-30,170,Selangor
PROD1,2023-12-07,48,Selangor
PROD9,2023-12-07,48,Sarawak
PROD8,2023-12-08,54,Sarawak
PROD4,2023-12-11,172,Pahang
PROD7,2023-12-13,165,Pahang
PROD5,2023-12-14,123,Perak
PROD8,2023-12-14,0,Selangor
PROD3,2023-12-16,147,Perak
PROD2,2023-12-17,142,Sarawak
PROD5,2023-12-17,123,Johor
PROD5,2023-12-17,24,Selangor
PROD9,2023-12-17,148,Kuala Lumpur
PROD10,2023-12-17,50,Kedah
PROD7,2023-12-21,190,Penang
PROD8,2023-12-21,16,Melaka
PROD7,2023-12-22,62,Penang
PROD10,2023-12-22,54,Kuala Lumpur
PROD8,2023-12-25,107,Kedah
PROD9,2023-12-25,180,Melaka
PROD3,2023-12-28,150,Sarawak
PROD3,2023-12-29,93,Penang
PROD6,2023-12-31,51,Kuala Lumpur
